model,train_sigma_8bit,train_sigma,psnr_db
b_dncnn_10,10.0,0.03921569,34.922046
se_fdncnn_10,10.0,0.03921569,34.422862
ne_fdncnn_10,10.0,0.03921569,34.659946
wne_dncnn_10,10.0,0.03921569,34.777786
