model,train_sigma_8bit,train_sigma,psnr_db
b_dncnn_10,10.0,0.03921569,33.921765
b_fdncnn_10,10.0,0.03921569,33.865052
ne_fdncnn_10,10.0,0.03921569,33.717945
se_fdncnn_10,10.0,0.03921569,33.511399
wne_dncnn_10,10.0,0.03921569,33.80452
wnei_dncnn_10,10.0,0.03921569,20.142093
