model,train_sigma_8bit,train_sigma,psnr_db
b_dncnn_50,50.0,0.19607843,26.180473
b_fdncnn_50,50.0,0.19607843,26.249674
ne_fdncnn_50,50.0,0.19607843,26.183812
se_fdncnn_50,50.0,0.19607843,26.118876
wne_dncnn_50,50.0,0.19607843,26.199979
