model,train_sigma_8bit,train_sigma,psnr_db
b_dncnn_25,25.0,0.09803922,29.19239
b_fdncnn_25,25.0,0.09803922,29.206291
ne_fdncnn_25,25.0,0.09803922,29.110328
se_fdncnn_25,25.0,0.09803922,29.1229
wne_dncnn_25,25.0,0.09803922,29.149196
