model,train_sigma_8bit,train_sigma,psnr_db
b,25.0,0.09803922,29.384483
wne,25.0,0.09803922,29.299722
